condition,condition_type,parent_role,parent_cosine_with_caa,best_coef,parent_best_coef_tune,coef_differs_from_parent,baseline_logit,best_logit,delta_logit,delta_logit_ci_lo,delta_logit_ci_hi,baseline_rate,best_rate,delta_rate_pp,delta_rate_ci_lo_pp,delta_rate_ci_hi_pp,wilcoxon_alternative,wilcoxon_p_raw,wilcoxon_p_holm,significant_after_holm
skeptic_residual,residual_standalone,skeptic,0.0640062540769577,2000.0,2000.0,False,1.0094791746139526,0.25614585479100543,-0.7533333198229472,-0.9568762790163359,-0.5672903373241425,0.5933333333333334,0.5,-9.333333333333334,-12.666666666666668,-6.333333333333334,less,5.147177075280461e-12,3.603023952696323e-11,True
contrarian_residual,residual_standalone,contrarian,0.032646119594573975,2000.0,1000.0,True,1.0094791746139526,0.6880208333333333,-0.3214583412806193,-0.5515038907527924,-0.09581900338331865,0.5933333333333334,0.5533333333333333,-4.0,-8.333333333333332,0.0,less,0.019918578048905185,0.07248705531003066,False
collaborator_residual,residual_standalone,collaborator,0.16481372714042664,5000.0,500.0,True,1.0094791746139526,0.0802083396911621,-0.9292708349227905,-1.1285716079473496,-0.7545312939484914,0.5933333333333334,0.51,-8.333333333333332,-11.666666666666666,-5.0,less,7.142077647409764e-20,7.142077647409764e-19,True
