condition,condition_type,parent_role,parent_cosine_with_caa,best_coef,parent_best_coef_tune,coef_differs_from_parent,baseline_logit,best_logit,delta_logit,delta_logit_ci_lo,delta_logit_ci_hi,baseline_rate,best_rate,delta_rate_pp,delta_rate_ci_lo_pp,delta_rate_ci_hi_pp,wilcoxon_alternative,wilcoxon_p_raw,wilcoxon_p_holm,significant_after_holm
skeptic_residual,residual_standalone,skeptic,0.0640062540769577,2000.0,2000.0,False,1.0094791746139526,0.2632291853427887,-0.7462499892711639,-0.8963580520351727,-0.6119257631699244,0.5933333333333334,0.5,-9.333333333333334,-12.666666666666668,-6.333333333333334,less,6.031913010801767e-23,7.238295612962121e-22,True
contrarian_residual,residual_standalone,contrarian,0.032646119594573975,2000.0,1000.0,True,1.0094791746139526,0.6819791642824808,-0.32750001033147175,-0.4181315129796664,-0.24207945861419045,0.5933333333333334,0.56,-3.3333333333333335,-6.0,-1.0,less,3.2800988917611694e-11,1.9680593350567015e-10,True
collaborator_residual,residual_standalone,collaborator,0.16481372714042664,5000.0,500.0,True,1.0094791746139526,0.07520834719141324,-0.9342708274225394,-1.119486979910483,-0.7727890772335233,0.5933333333333334,0.5133333333333333,-8.0,-11.333333333333332,-4.666666666666667,less,6.394542341141424e-24,8.312905043483852e-23,True
